no,name,area,address,management,"localcall service",areacode
1,訊塘社區公園(公兒十),八里區,新北市八里區商港路與中山路二段路口,八里區公所,(02)26102621,65000230
2,"南山公園 (公兒三)",八里區,新北市八里區賢三街30號對面,八里區公所,(02)26102621,65000230
3,北河公園(公兒二),八里區,新北市八里區忠孝路與忠八街路口,八里區公所,(02)26102621,65000230
4,舊城公園(公兒七),八里區,新北市八里區中山路二段303巷底,八里區公所,(02)26102621,65000230
5,大崁環保公園,八里區,新北市八里區觀海大道29號對面,八里區公所,(02)26102621,65000230
6,龍源公園,八里區,新北市八里區龍形一街與龍形二街交叉處,八里區公所,(02)26102621,65000230
7,文昌公園(兒四),八里區,"中庄段1號地號 中山路二段與文昌路口",八里區公所,(02)26102621,65000230
8,狀元公園(兒五),八里區,"中庄段242號 文昌五街與狀元路口 ",八里區公所,(02)26102621,65000230
9,片仔溝公園(兒六),八里區,"中庄段282號 中華路二段258巷與中華路口",八里區公所,(02)26102621,65000230
10,商港路旁綠地(兒九),八里區,商港段25號地號商港路(中山路二段500巷底),八里區公所,(02)26102621,65000230
11,水仙公園(公六),八里區,訊塘段1號商港路與商港3路口,八里區公所,(02)26102621,65000230
12,商港公園(公七),八里區,"台北港段66號地號 商港8路與商港7路口",八里區公所,(02)26102621,65000230
13,訊庄埔公園(公八),八里區,"訊塘段10號地號 中山路三段(廖添丁廟旁)  ",八里區公所,(02)26102621,65000230
14,八里區行政大樓(公博二),八里區,"台北港段121號地號 八里大道與商港一路 ",八里區公所,(02)26102621,65000230
15,頂罟活動中心綠地(公博三),八里區,"台北港段274號地號八里大道與中山路二段     ",八里區公所,(02)26102621,65000230
16,訊塘廣場(廣場用地),八里區,"訊塘段39號地號訊塘一路與訊塘二路(廖添丁廟旁) ",八里區公所,(02)26102621,65000230
17,商港一路綠地(兒九),八里區,新北市八里區中山路二段500巷與商港一路交叉街口,八里區公所,(02)26102621,65000230
18,渡船頭公園,八里區,新北市八里區龍米路二段201巷,新北市八里區公所,(02)26102621,65000230
19,公博一公園,八里區,"台北港段123號地號 八里大道與商港三路",新北市立十三行博物館,(02)26191313,65000230
20,新北考古公園(公五),八里區,商港三路2號,新北市立十三行博物館,(02)26191313,65000230
21,兒三公園,三芝區,公正街旁,三芝區公所,(02)26362111,65000210
22,兒二公園,三芝區,長安街巷內,三芝區公所,(02)26362111,65000210
23,兒一公園,三芝區,淡金路二段43號巷內,三芝區公所,(02)26362111,65000210
24,慈生公園(遊五),三重區,三和路四段191巷78號,三重區公所,(02)29862345,65000020
25,慈祐公園(遊四),三重區,仁愛街425巷9-1號,三重區公所,(02)29862345,65000020
26,慈化公園(遊三),三重區,溪尾街327號,三重區公所,(02)29862345,65000020
27,永盛公園(公十八),三重區,車路頭街133號﹝義天宮旁﹞,三重區公所,(02)29862345,65000020
28,永豐公園(遊八),三重區,永福街197巷6-1號,三重區公所,(02)29862345,65000020
29,五華公園(遊一),三重區,仁義街228巷12號,三重區公所,(02)29862345,65000020
30,五常公園(遊二),三重區,五華街7巷30號,三重區公所,(02)29862345,65000020
31,永福公園(遊七),三重區,力行路二段162巷55號,三重區公所,(02)29862345,65000020
32,慈愛公園(公十五),三重區,仁美街108巷13號,三重區公所,(02)29862345,65000020
33,碧華公園,三重區,溪尾街(東區圖書館對面),三重區公所,(02)29862345,65000020
34,福田公園(公二七),三重區,三民街261號對面,三重區公所,(02)29862345,65000020
35,興華公園(公三二),三重區,中華路5號,三重區公所,(02)29862345,65000020
36,重陽公園(公三三),三重區,重陽路1段60巷101號,三重區公所,(02)29862345,65000020
37,重新公園(公四十二),三重區,重新路五段254-1號重新橋下,三重區公所,(02)29862345,65000020
38,"聯邦公園 (公二九)",三重區,中華路125號,三重區公所,(02)29862345,65000020
39,光興公園,三重區,正義南路62號之1旁,三重區公所,(02)29862345,65000020
40,公36同安公園,三重區,正義南路、同安東街交叉口,三重區公所,(02)29862345,65000020
41,公35同安公園,三重區,文化南路、福德南路交叉口,三重區公所,(02)29862345,65000020
42,"菜寮公園 (公十三)",三重區,中寮街57巷18號,三重區公所,(02)29862345,65000020
43,玫瑰公園(公四五),三重區,集美街60號,三重區公所,(02)29862345,65000020
44,大同公園(公九),三重區,大同北路186號,三重區公所,(02)29862345,65000020
45,信義公園(公八),三重區,文化北路、信義西街交叉口,三重區公所,(02)29862345,65000020
46,大智公園,三重區,大同北路61號對面,三重區公所,(02)29862345,65000020
47,"過圳公園 (公十二)",三重區,過圳街19號,三重區公所,(02)29862345,65000020
48,開元公園(公三十),三重區,長元街65巷16弄16號對面,三重區公所,(02)29862345,65000020
49,永德公園(公廿),三重區,自強路三段43巷23號,三重區公所,(02)29862345,65000020
50,小永德公園,三重區,忠孝路一段、大智街口,三重區公所,(02)29862345,65000020
51,後竹圍公園(公廿一),三重區,自強路3段62巷25號對面,三重區公所,(02)29862345,65000020
52,厚德公園(公十九),三重區,忠孝路一段21巷,三重區公所,(02)29862345,65000020
53,和平公園(公廿三、廿四),三重區,忠孝路2段35號,三重區公所,(02)29862345,65000020
54,六合公園(公廿五),三重區,自強路二段50巷,三重區公所,(02)29862345,65000020
55,"三張公園 (公廿二)",三重區,大智街(重陽路四段忠孝路一段),三重區公所,(02)29862345,65000020
56,介壽公園(公十七),三重區,三和路三段〈高速公路匝道〉,三重區公所,(02)29862345,65000020
57,正義公園(公六),三重區,雙園街、文化北路交叉口,三重區公所,(02)29862345,65000020
58,六張公園(公七),三重區,六張街78號前,三重區公所,(02)29862345,65000020
59,三民公園(公廿八),三重區,忠孝路3段40巷51號,三重區公所,(02)29862345,65000020
60,三德公園(公一),三重區,仁昌街109號,三重區公所,(02)29862345,65000020
61,龍濱公園(公三),三重區,秀江街28號,三重區公所,(02)29862345,65000020
62,龍門公園(公二),三重區,仁福街40號前,三重區公所,(02)29862345,65000020
63,中山藝術公園(綠三),三重區,新北大道1段1號旁,三重區公所,(02)29862345,65000020
64,親水公園(兒十),三重區,環河北路(溪美抽水站斜對面),三重區公所,(02)29862345,65000020
65,大山公園,三重區,三賢路與信賢路口,三重區公所,(02)29862345,65000020
66,太陽公園,三重區,集英路與三賢路口,三重區公所,(02)29862345,65000020
67,自然公園(公三),三重區,五華街與集興路口,三重區公所,(02)29862345,65000020
68,進安公園(兒九),三重區,進安街與仁義街口,三重區公所,(02)29862345,65000020
69,集賢環保公園,三重區,五華街與集賢路口,三重區公所,(02)29862345,65000020
70,廣一公園,三重區,自強路四段,三重區公所,(02)29862345,65000020
71,廣二公園,三重區,自強路四段,三重區公所,(02)29862345,65000020
72,大有公園(綠十三),三重區,疏洪東路榖保家商後側,三重區公所,(02)29862345,65000020
73,二重公園(公三十七),三重區,頂崁街210巷口與疏洪東路交叉口,三重區公所,(02)29862345,65000020
74,同仁公園(兒十四),三重區,金華街同仁宮對面,三重區公所,(02)29862345,65000020
75,忠孝公園,三重區,忠孝路三段127巷口,三重區公所,(02)29862345,65000020
76,港墘公園,三重區,環河北路、環河南路、福德南路(台北橋至忠孝橋之間),三重區公所,(02)29862345,65000020
77,新北綠家園(永德段914),三重區,中正北路315巷6弄68號旁,三重區公所,(02)29862345,65000020
78,德厚公園(公四十八),三重區,重新路5段283號對面,三重區公所,(02)29862345,65000020
79,神農公園(兒二十三),三重區,五王北街先嗇宮旁,三重區公所,(02)29862345,65000020
80,谷王公園(兒廿),三重區,五谷王北街161號後側,三重區公所,(02)29862345,65000020
81,頂崁公園(兒十九),三重區,頂崁街,三重區公所,(02)29862345,65000020
82,開元公園(公三十),三重區,開元街1號,三重區公所,(02)29862345,65000020
83,頂崁公園,三重區,興德路旁,三重區公所,(02)29862345,65000020
84,二重公園(公三十七),三重區,疏洪東路二段,三重區公所,(02)29862345,65000020
85,神農百草公園(綠九),三重區,三重區五谷王北街77號(先嗇宮)對面,三重區公所,(02)29862345,65000020
86,中山公園(公七),三峽區,中山路文化路口、仁愛街,三峽區公所,(02)26711017,65000090
87,大同公園(兒五),三峽區,光明路75巷內,三峽區公所,(02)26711017,65000090
88,介壽公園(兒七),三峽區,永安街9巷5號(圖書館旁),三峽區公所,(02)26711017,65000090
89,龍埔公園(防災公園、兒十),三峽區,國光街中段,三峽區公所,(02)26711017,65000090
90,龍恩公園(中悅兒童公園，兒四),三峽區,學成路、國際一街底,三峽區公所,(02)26711017,65000090
91,遠雄海洋公園,三峽區,學勤路、大義路口,三峽區公所,(02)26711017,65000090
92,藍染公園,三峽區,仁愛街47號旁,三峽區公所,(02)26711017,65000090
93,三角圓環公園,三峽區,介壽路、中正路口,三峽區公所,(02)26711017,65000090
94,醒心公園,三峽區,白雞路醒心橋旁,三峽區公所,(02)26711017,65000090
95,溪北河濱公園,三峽區,介壽路三段101之2號旁,三峽區公所,(02)26711017,65000090
96,成福河濱公園,三峽區,成福路成福國小對面,三峽區公所,(02)26711017,65000090
97,礁溪人行廣場,三峽區,礁溪里中華路、光明路間,三峽區公所,(02)26711017,65000090
98,鳶山運動公園,三峽區,鳶峰路,三峽區公所,(02)26711017,65000090
99,龍學公園,三峽區,學成路、大德路口,三峽區公所,(02)26711017,65000090
100,橫溪路120巷簡易公園,三峽區,橫溪路120巷內,三峽區公所,(02)26711017,65000090
101,大埔里運動公園,三峽區,中園街185號對面,三峽區公所,(02)26711017,65000090
102,溪東社區公園,三峽區,溪東路218巷口,三峽區公所,(02)26711017,65000090
103,長福公園(兒九),三峽區,光明路3巷,三峽區公所,(02)26711017,65000090
104,中正公園(兒四),三峽區,永安街95巷,三峽區公所,(02)26711017,65000090
105,太空公園(公十三),三峽區,國光街38巷、三樹路1巷交叉口,三峽區公所,(02)26711017,65000090
106,清水社區公園,土城區,清水路延吉街交叉口,土城區公所,(02)22732000,65000130
107,員林社區公園,土城區,員林街12巷對面,土城區公所,(02)22732000,65000130
108,沛陂公園,土城區,民族路22巷5號旁,土城區公所,(02)22732000,65000130
109,金城公園,土城區,金城路一段127巷,土城區公所,(02)22732000,65000130
110,清和社區公園(公兒五),土城區,明德路一段青山路口,土城區公所,(02)22732000,65000130
111,員福社區公園,土城區,員福街員福橋旁,土城區公所,(02)22732000,65000130
112,仁愛公園,土城區,仁愛路16號旁,土城區公所,(02)22732000,65000130
113,祖田兒童遊戲公園,土城區,溪頭路81號旁,土城區公所,(02)22732000,65000130
114,清華社區公園,土城區,青雲路信義路交界,土城區公所,(02)22732000,65000130
115,頂新公園,土城區,頂埔國小後方,土城區公所,(02)22732000,65000130
116,學成社區公園(公兒三),土城區,學成路91巷旁,土城區公所,(02)22732000,65000130
117,永寧廣場,土城區,土城國中對面,土城區公所,(02)22732000,65000130
118,永豐社區公園(公兒八),土城區,清水路278巷28弄內,土城區公所,(02)22732000,65000130
119,大清水公園(公二),土城區,清水高中對面,土城區公所,(02)22732000,65000130
120,頂埔永福公園,土城區,頂埔祖師廟後方,土城區公所,(02)22732000,65000130
121,原住民生態公園,土城區,永寧路底,土城區公所,(02)22732000,65000130
122,廷寮山林公園,土城區,永豐路255巷,土城區公所,(02)22732000,65000130
123,桐花公園,土城區,承天路153號旁(清濂茶館承天路149號旁),土城區公所,(02)22732000,65000130
124,延和社區公園(公兒一),土城區,延和路250巷(延和段49地號),土城區公所,(02)22732000,65000130
125,仁德公園,土城區,金城路一段127巷,土城區公所,(02)22732000,65000130
126,大墓公公園,土城區,金城路一段千歲路口,土城區公所,(02)22732000,65000130
127,明德公園,土城區,靈恩寺旁,土城區公所,(02)22732000,65000130
128,雲溪廣場(廣五),土城區,青雲路183巷2號旁,土城區公所,(02)22732000,65000130
129,延和廣場,土城區,延和路12巷,土城區公所,(02)22732000,65000130
130,百喬廣場,土城區,明德路一段70巷內,土城區公所,(02)22732000,65000130
131,延壽親子廣場,土城區,延壽路75巷27弄旁,土城區公所,(02)22732000,65000130
132,青山廣場(廣三),土城區,青雲、明德路交叉口,土城區公所,(02)22732000,65000130
133,立雲廣場,土城區,清水路235巷,土城區公所,(02)22732000,65000130
134,青雲廣場(廣六),土城區,家樂福後方,土城區公所,(02)22732000,65000130
135,裕民廣場,土城區,裕民路171巷4號,土城區公所,(02)22732000,65000130
136,柑林廣場(廣七),土城區,金城路二段242巷內,土城區公所,(02)22732000,65000130
137,裕生廣場,土城區,裕生路裕生停車場旁,土城區公所,(02)22732000,65000130
138,金城公園(公五),土城區,金城路一段127巷旁,土城區公所,(02)22732000,65000130
139,青山公園(公兒二五),土城區,明德路一段195巷底,土城區公所,(02)22732000,65000130
140,南區B公園(公九),土城區,明德段314、315地號,土城區公所,(02)22732000,65000130
141,南區C公園(公兒18),土城區,斬龍二街與學士路口,土城區公所,(02)22732000,65000130
142,南區E公園(公7),土城區,斬龍二街與學士路口,土城區公所,(02)22732000,65000130
143,紫藤廊道(南區D公園)公兒16、綠6,土城區,學土路至學府路二段,土城區公所,(02)22732000,65000130
144,紫藤廊道(南區D公園)公兒17,土城區,斬龍二街與學府路二段口,土城區公所,(02)22732000,65000130
145,南區E公園(公兒22),土城區,斬龍二街與學府路二段口,土城區公所,(02)22732000,65000130
146,南區E公園(綠三),土城區,金城路二段土城醫院對面,土城區公所,(02)22732000,65000130
147,綠5,土城區,清水路旁,土城區公所,(02)22732000,65000130
148,南區B公園(公兒19),土城區,青仁路與青隆街口,土城區公所,(02)22732000,65000130
149,南區a公園(公兒20),土城區,青和街與明德路二段口,土城區公所,(02)22732000,65000130
150,運公二公園(公四),土城區,中央路4段67巷及高速公路路口,土城區公所,(02)22732000,65000130
151,運公一公園(公六),土城區,中央路4段87巷,土城區公所,(02)22732000,65000130
152,運公一公園(綠一),土城區,中央路4段67巷,土城區公所,(02)22732000,65000130
153,運公一公園(綠二),土城區,中央路4段67巷,土城區公所,(02)22732000,65000130
154,運公一公園(綠三),土城區,中央路4段67巷,土城區公所,(02)22732000,65000130
155,頂埔公一公園(公1),土城區,236新北市土城區員安路,土城區公所,(02)22732000,65000130
156,斬龍山遺址文化公園,土城區,面臨金城路二段，背倚學士路,新北市政府文化局,(02)29603456分機4551,65000130
157,清穗公園(公廿九),中和區,華順街二巷內民德停車場後方及民德路、華順街口,中和區公所,(02)22482688,65000030
158,華福公園(公廿一),中和區,華福街、和平街口,中和區公所,(02)22482688,65000030
159,明德公園(公七),中和區,民德路208號及274號對面,中和區公所,(02)22482688,65000030
160,安邦公園,中和區,連勝街、安邦街口,中和區公所,(02)22482688,65000030
161,自強公園(公廿),中和區,莒光路、國光街口,中和區公所,(02)22482688,65000030
162,員山公園(公八),中和區,員山路455巷內,中和區公所,(02)22482688,65000030
163,嘉穗公園(公十一),中和區,民利街9巷內,中和區公所,(02)22482688,65000030
164,景新公園(公六),中和區,景新街467巷50弄三介廟旁,中和區公所,(02)22482688,65000030
165,中興公園(公十二),中和區,中興街263巷74號對面,中和區公所,(02)22482688,65000030
166,復興公園(公四),中和區,復興路280巷內,中和區公所,(02)22482688,65000030
167,秀山公園(公七),中和區,自立路15巷內,中和區公所,(02)22482688,65000030
168,中和公園(公四),中和區,中安街、永貞路、安樂路及安平路間,中和區公所,(02)22482688,65000030
169,廟美綠林小徑,中和區,中山路2段181巷旁,中和區公所,(02)22482688,65000030
170,金山板南公園,中和區,板南路(南山路及中興街間),中和區公所,(02)22482688,65000030
171,泰隆公園,中和區,橋和路、福祥路口,中和區公所,(02)22482688,65000030
172,民樂人行廣場,中和區,民樂路17號中和郵局後方,中和區公所,(02)22482688,65000030
173,華新人行廣場,中和區,興南路2段79巷內,中和區公所,(02)22482688,65000030
174,民享藝文特區(公一),中和區,民享街、民治街間,中和區公所,(02)22482688,65000030
175,元隆公園,中和區,立言街與板南路口附近,中和區公所,(02)22482688,65000030
176,壽德公園,中和區,民德路與壽德街,中和區公所,(02)22482688,65000030
177,福美公園,中和區,莊敬街49巷,中和區公所,(02)22482688,65000030
178,瓦窯溝沿線綠帶,中和區,勝利路至水源路127巷間水利地,中和區公所,(02)22482688,65000030
179,廟仔尾溝加蓋綠帶,中和區,中山路二段174巷至莊敬橋間綠帶,中和區公所,(02)22482688,65000030
180,南山溝加蓋綠帶,中和區,南山路到興南路二段74巷間綠帶,中和區公所,(02)22482688,65000030
181,圓通綠廊,中和區,"連勝街至中正路間綠帶 ",中和區公所,(02)22482688,65000030
182,中和大排旁簡易公園,中和區,中山路二段322巷內簡易公園,中和區公所,(02)22482688,65000030
183,中坑公園,中和區,員山路及圓通路交接路口,中和區公所,(02)22482688,65000030
184,興南路二段261巷口綠帶,中和區,興南路二段261巷口,中和區公所,(02)22482688,65000030
185,華中橋四面邊坡綠帶,中和區,華中橋下,中和區公所,(02)22482688,65000030
186,板南抽水站旁綠帶,中和區,板南路中正路口,中和區公所,(02)22482688,65000030
187,花曆公園(公一),中和區,"中原街旁 ",中和區公所,(02)22482688,65000030
188,樟樹公園(公二),中和區,"環河西路三段近永福宮 ",中和區公所,(02)22482688,65000030
189,光之公園(公兒一),中和區,"中原東街與中原五街之間 ",中和區公所,(02)22482688,65000030
190,風之公園(公兒二),中和區,"中原街與中原五街之間 ",中和區公所,(02)22482688,65000030
191,綠之公園(公六),中和區,"中原東街與中原六街之間 ",中和區公所,(02)22482688,65000030
192,水之公園(公七),中和區,"三段中原街與中原二街之間 ",中和區公所,(02)22482688,65000030
193,員勝公園,中和區,中正路二段與員山路交叉口,中和區公所,(02)22482688,65000030
194,錦和運動公園,中和區,新北市中和區錦和路350號,中和區公所,(02)22482688,65000030
195,水碓景觀公園,五股區,水碓二路接外寮路,五股區公所,(02)22916051,65000150
196,石德公園,五股區,水碓路與水碓一路交叉,五股區公所,(02)22916051,65000150
197,獅子頭景觀公園,五股區,孝義路,五股區公所,(02)22916051,65000150
198,成州公園,五股區,西雲路435巷底,五股區公所,(02)22916051,65000150
199,民義公園,五股區,五福路五福橋旁,五股區公所,(02)22916051,65000150
200,坑口公園,五股區,工商路85巷及成泰路2段91巷交叉,五股區公所,(02)22916051,65000150
201,二支郵局對面公園(兒六),五股區,中興路4段48巷19號對面,五股區公所,(02)22916051,65000150
202,朝陽公園,五股區,明德路12巷.自強路87巷,五股區公所,(02)22916051,65000150
203,德音兒童休憩公園(兒七),五股區,蓬萊路6巷.成泰路2段235巷交叉處,五股區公所,(02)22916051,65000150
204,自然湧泉公園,五股區,成泰路1段189巷底,五股區公所,(02)22916051,65000150
205,成德公園(原公二公園),五股區,成泰路四段與成州八路交叉口,五股區公所,(02)22916051,65000150
206,洲子洋公園(原公三公園),五股區,成泰路與洲子路交岔口,五股區公所,(02)22916051,65000150
207,芳洲公園(公五),五股區,芳洲二路與芳洲五路交岔口,五股區公所,(02)22916051,65000150
208,新五公園(兒八),五股區,新五路與中興路交岔口,五股區公所,(02)22916051,65000150
209,綠六綠地,五股區,成泰路二段195巷口.五洲橋旁,五股區公所,(02)22916051,65000150
210,成德人行廣場,五股區,成泰路四段成州派出所旁,五股區公所,(02)22916051,65000150
211,御史路體育公園,五股區,御史路35巷底,五股區公所,(02)22916051,65000150
212,五股防災體健公園(文中二),五股區,新北市五股區成泰路三段與成州八路交叉,五股區公所,(02)22916051,65000150
213,成功運動公園(兒三),五股區,西雲路100巷,五股區公所,(02)22916051,65000150
214,天乙公園(兒一),五股區,新北市五股區天乙路81號對面,五股區公所,(02)22916051,65000150
215,仁愛公園(公六),永和區,保安，仁愛，永平，保生路交界,永和區公所,(02)29282828,65000040
216,公一公園,永和區,保生，保順路口交界處,永和區公所,(02)29282828,65000040
217,大新社區公園,永和區,自強街6巷至8巷間,永和區公所,(02)29282828,65000040
218,中興社區公園,永和區,中興街68巷5弄,永和區公所,(02)29282828,65000040
219,民族街43巷公園,永和區,民族街43巷,永和區公所,(02)29282828,65000040
220,中正橋頭小公園,永和區,永和路2段340號旁,永和區公所,(02)29282828,65000040
221,中正派出所邊小公園,永和區,永和路2段393號旁,永和區公所,(02)29282828,65000040
222,民治街早市公園,永和區,民治街60號對面(民治市場瓦窯溝旁),永和區公所,(02)29282828,65000040
223,雙和里社區公園,永和區,雙和街37巷與中和路305巷交叉口,永和區公所,(02)29282828,65000040
224,竹林路91巷公園,永和區,竹林路91巷,永和區公所,(02)29282828,65000040
225,復興社區公園,永和區,永和路二段286巷底,永和區公所,(02)29282828,65000040
226,水源社區公園,永和區,保平路177巷,永和區公所,(02)29282828,65000040
227,保福社區公園,永和區,保福路三段2號之1,永和區公所,(02)29282828,65000040
228,民族社區公園,永和區,民有街25巷,永和區公所,(02)29282828,65000040
229,正興公園,永和區,中興街10巷31號旁,永和區公所,(02)29282828,65000040
230,永興公園,永和區,豫溪街57巷10弄11號右側（美聯社對面）,永和區公所,(02)29282828,65000040
231,保生綠帶,永和區,新生路218號旁(永和幼兒園保生分班前),永和區公所,(02)29282828,65000040
232,永和國小旁綠美化據點,永和區,永和國小旁（中正路281號旁）,永和區公所,(02)29282828,65000040
233,中正簡易公園,永和區,中正路412巷,永和區公所,(02)29282828,65000040
234,水源段綠地(水源段717-1地號),永和區,永貞路287巷2弄底,永和區公所,(02)29282828,65000040
235,秀朗廣場,永和區,中正路465巷,永和區公所,(02)29282828,65000040
236,民享街黃昏市場公園,永和區,民享街23巷,永和區公所,(02)29282828,65000040
237,三角公園(公九),永和區,永元、永利、林森路,永和區公所,(02)29282828,65000040
238,石門洞遊憩區(公二),石門區,尖鹿里中路37之2號(五龍宮)斜對面,石門區公所,(02)26381721,65000220
239,幸福雙心公園(公一),石門區,台2線與老梅路、淡金公路交會處,石門區公所,(02)26381721,65000220
240,新幸福公園,石門區,新北市石門區中山路62之7號對面,石門區公所,(02)26381721,65000220
241,福安公園,石門區,新北市石門區尖鹿里中山路70之5號前,石門區公所,(02)26381721,65000220
242,魔法廣場,石門區,新北市石門區茂林里坪林20號前,石門區公所,(02)26381721,65000220
243,二格公園,石碇區,格頭里北宜路23K處,石碇區公所,(02)26631080,65000190
244,水返腳公園(公八),汐止區,大同路二段451號旁,汐止區公所,(02)26411111,65000110
245,復興公園,汐止區,復興路與龍安路口,汐止區公所,(02)26411111,65000110
246,康福公園,汐止區,福德一路86巷,汐止區公所,(02)26411111,65000110
247,茄興公園,汐止區,茄興街上新台五路旁,汐止區公所,(02)26411111,65000110
248,康誥坑公園(原文化白雲公園),汐止區,水源路二段,汐止區公所,(02)26411111,65000110
249,湖興公園,汐止區,伯爵五代自由女神旁,汐止區公所,(02)26411111,65000110
250,新金龍公園,汐止區,湖前街31巷、康寧街459巷,汐止區公所,(02)26411111,65000110
251,北峰公園(公兒六),汐止區,中興路與明峰街口,汐止區公所,(02)26411111,65000110
252,民權公園,汐止區,民權街一段與橫科路口,汐止區公所,(02)26411111,65000110
253,東勢公園,汐止區,東勢街與芳園街口,汐止區公所,(02)26411111,65000110
254,保長公園(公兒九),汐止區,保長路45巷旁,汐止區公所,(02)26411111,65000110
255,原住民公園,汐止區,樟樹二路與樟樹一路口,汐止區公所,(02)26411111,65000110
256,姜子寮公園,汐止區,姜子寮路底,汐止區公所,(02)26411111,65000110
257,林森公園(公二),汐止區,東勢段290,汐止區公所,(02)26411111,65000110
258,厚德綠地(公兒三),汐止區,樟樹一路145巷,汐止區公所,(02)26411111,65000110
259,白雲公園(公七),汐止區,福山街62巷底,汐止區公所,(02)26411111,65000110
260,汐止車站小廣場,汐止區,汐止車站小廣場,汐止區公所,(02)26411111,65000110
261,婦幼公園(公5),林口區,文化一路一段與仁愛一路口對面,林口區公所,(02)26033111,65000170
262,扶輪公園(公13),林口區,文化二路與忠孝路口,林口區公所,(02)26033111,65000170
263,大崙公園(公鄰1),林口區,南勢二街412號對面,林口區公所,(02)26033111,65000170
264,南勢公園(公鄰2),林口區,南勢二街與忠孝一路口,林口區公所,(02)26033111,65000170
265,井泉公園(公鄰3),林口區,南勢二街72號對面,林口區公所,(02)26033111,65000170
266,松柏公園(公鄰7),林口區,松柏路78號旁,林口區公所,(02)26033111,65000170
267,文林公園(公鄰8),林口區,文林二街與文林三街口,林口區公所,(02)26033111,65000170
268,湖南公園(公鄰9),林口區,"民權路165號 ",林口區公所,(02)26033111,65000170
269,翰林公園(公鄰10),林口區,民權路101號(頭湖國小)旁,林口區公所,(02)26033111,65000170
270,力行公園(公鄰11),林口區,民族路與文化北路526巷口,林口區公所,(02)26033111,65000170
271,立德公園(公鄰12),林口區,民族路與仁愛二路口,林口區公所,(02)26033111,65000170
272,立言公園(公鄰13),林口區,忠孝一路與三民路口,林口區公所,(02)26033111,65000170
273,立功公園(公鄰14),林口區,三民路75號旁,林口區公所,(02)26033111,65000170
274,宗北公園(公鄰21),林口區,民享路406號對面,林口區公所,(02)26033111,65000170
275,一品公園(公鄰22),林口區,中北三街與中華一路口,林口區公所,(02)26033111,65000170
276,林口社區運動公園(小熊公園，公鄰23),林口區,公園路192號(新北市立圖書館林口分館)旁,林口區公所,(02)26033111,65000170
277,麗林福德公園(公鄰24),林口區,公園路46號(麗林國小)旁,林口區公所,(02)26033111,65000170
278,四維公園(公鄰29),林口區,四維路與佳林路口,林口區公所,(02)26033111,65000170
279,麗園公園(公鄰30),林口區,麗園路60號對面,林口區公所,(02)26033111,65000170
280,新北市林口區游泳池(公鄰31),林口區,忠孝路616巷26號(區立游泳池),林口區公所,(02)26033111,65000170
281,東湖公園(公鄰32),林口區,東湖路75巷與東湖一街口,林口區公所,(02)26033111,65000170
282,隆林公園(公鄰33),林口區,隆林街36號對面,林口區公所,(02)26033111,65000170
283,東明公園(公鄰34),林口區,興林路221巷與東明一街98巷口,林口區公所,(02)26033111,65000170
284,仁愛公園(公鄰35),林口區,仁愛路一段211巷111號對面(文小18旁),林口區公所,(02)26033111,65000170
285,新寮公園(公鄰36),林口區,仁愛路一段83巷與123巷間,林口區公所,(02)26033111,65000170
286,公鄰43,林口區,粉療28-1號東林托兒所下方,林口區公所,(02)26033111,65000170
287,銅雕公園(公鄰45),林口區,中山路與橫窠雅路口(銅雕公園),林口區公所,(02)26033111,65000170
288,公鄰46,林口區,粉療28-1號(東林托兒所),林口區公所,(02)26033111,65000170
289,樂活公園,林口區,文化一路一段20號(崇林國中)旁,林口區公所,(02)26033111,65000170
290,興林公園,林口區,興林一街109巷(高地仰哲社區對面),林口區公所,(02)26033111,65000170
291,仁愛籃球場(廣一),林口區,忠孝路與公園路口,林口區公所,(02)26033111,65000170
292,麗園籃球場(廣二),林口區,忠孝路與忠孝路542巷口,林口區公所,(02)26033111,65000170
293,東勢籃球場(廣三),林口區,忠孝路與忠孝路622巷口,林口區公所,(02)26033111,65000170
294,自強公園,林口區,粉寮路一段與中山路口,林口區公所,(02)26033111,65000170
295,富貴森林公園(公一),林口區,富貴路內,林口區公所,(02)26033111,65000170
296,樹林口公園(公鄰38),林口區,中山路與中原街路口附近,林口區公所,(02)26033111,65000170
297,市17跳跳糖兒童遊戲場(市17),林口區,興林路、興林一街及興林路151巷之間,林口區公所,(02)26033111,65000170
298,足夢公園(文小18),林口區,仁愛路一段與粉寮路一段路口,林口區公所,(02)26033111,65000170
299,興林口公園(公鄰37),林口區,新北市林口區仁愛路一段378號(新北市林口區公所)旁,林口區公所,(02)26033111,65000170
300,727地號公園,林口區,竹林路與竹林路412巷路口附近,林口區公所,(02)26033111,65000170
301,櫻花公園,林口區,文化二路二段、中華一路及文化三路二段交接(林口國民運動中心旁),林口區公所,(02)26033111,65000170
302,吉祥影視公園,林口區,新北市林口區吉祥路,林口區公所,(02)26033111,65000170
303,公鄰28公園,林口區,中正路與信義路交叉口,林口區公所,(02)26033111,65000170
304,農村公園,板橋區,吳鳳路50巷與雙十路3段交叉口,板橋區公所,(02)29686911,65000010
305,石雕公園,板橋區,吳鳳路50巷(農村公園旁),板橋區公所,(02)29686911,65000010
306,八德公園,板橋區,雙十路二段與萬板路交叉口,板橋區公所,(02)29686911,65000010
307,四維公園,板橋區,陽明街166號(新埔國小旁),板橋區公所,(02)29686911,65000010
308,玫瑰公園,板橋區,綠堤街(縣立醫院旁),板橋區公所,(02)29686911,65000010
309,國光公園,板橋區,中正路375巷48號(國光國小旁),板橋區公所,(02)29686911,65000010
310,資訊公園,板橋區,文化路與長江路口(華江橋頭),板橋區公所,(02)29686911,65000010
311,中山公園,板橋區,莊敬路179號,板橋區公所,(02)29686911,65000010
312,華江公園,板橋區,民生路二段與縣民大道交叉口,板橋區公所,(02)29686911,65000010
313,莊敬公園,板橋區,民生路二段20號(公園大鎮對面),板橋區公所,(02)29686911,65000010
314,環河公園,板橋區,南雅西路二段301巷41弄(國光國小後面),板橋區公所,(02)29686911,65000010
315,華中公園,板橋區,僑中一街124巷底(四汴頭抽水站旁),板橋區公所,(02)29686911,65000010
316,永安公園,板橋區,雙十路一段25號,板橋區公所,(02)29686911,65000010
317,永豐公園,板橋區,永豐街124號,板橋區公所,(02)29686911,65000010
318,民生公園,板橋區,民生路一段30號(板橋憲兵隊旁),板橋區公所,(02)29686911,65000010
319,介壽公園,板橋區,館前東路、公園路、實踐路三角地帶(板橋地政事務所對面),板橋區公所,(02)29686911,65000010
320,和平公園,板橋區,重慶路355號,板橋區公所,(02)29686911,65000010
321,忠孝公園,板橋區,國慶路149巷21弄16弄,板橋區公所,(02)29686911,65000010
322,仁愛公園,板橋區,國慶路51號(忠孝公園旁),板橋區公所,(02)29686911,65000010
323,華德公園,板橋區,四川路二段245巷125號(信義國小對面),板橋區公所,(02)29686911,65000010
324,南雅公園,板橋區,南雅南路二段(光華商職對面),板橋區公所,(02)29686911,65000010
325,廣福公園,板橋區,廣權路五權公園旁(干誠路底),板橋區公所,(02)29686911,65000010
326,五權公園,板橋區,五權街77巷2號(五權街底),板橋區公所,(02)29686911,65000010
327,重慶公園,板橋區,重慶路擎天雙星旁,板橋區公所,(02)29686911,65000010
328,信義公園,板橋區,信義路150巷43-1號,板橋區公所,(02)29686911,65000010
329,崑崙公園,板橋區,大觀路三段240號,板橋區公所,(02)29686911,65000010
330,溪北公園,板橋區,篤行路二段133號(沙崙國小對面),板橋區公所,(02)29686911,65000010
331,溪州公園,板橋區,溪崑二街113號,板橋區公所,(02)29686911,65000010
332,華東公園,板橋區,南雅南路二段144巷24號(湳仔溝旁),板橋區公所,(02)29686911,65000010
333,音樂公園,板橋區,大同街70號,板橋區公所,(02)29686911,65000010
334,公兒二公園,板橋區,民權路和中山路交叉口,板橋區公所,(02)29686911,65000010
335,台北紙廠簡易公園,板橋區,大觀路二段28號,板橋區公所,(02)29686911,65000010
336,光復簡易公園,板橋區,光環路1段7號光復國中右側,板橋區公所,(02)29686911,65000010
337,福德公園,板橋區,區運路與新站路口,板橋區公所,(02)29686911,65000010
338,六海園,板橋區,文化路與民生路口,板橋區公所,(02)29686911,65000010
339,親民公園,板橋區,大觀路2段力行一巷,板橋區公所,(02)29686911,65000010
340,華陽公園,板橋區,南雅南路2段4巷、34巷與華東路交界點,板橋區公所,(02)29686911,65000010
341,大觀公園,板橋區,僑中二街12巷旁,板橋區公所,(02)29686911,65000010
342,埔墘公園,板橋區,光復路一段9號光復國中斜對面,板橋區公所,(02)29686911,65000010
343,大豐公園,板橋區,溪崑國中後面,板橋區公所,(02)29686911,65000010
344,崑崙活力廣場,板橋區,板橋市沙崙街9號,板橋區公所,(02)29686911,65000010
345,浮洲運動公園,板橋區,"僑中一街1 24巷與80巷交會處",板橋區公所,(02)29686911,65000010
346,萬坪公園,板橋區,文化路與民權路交叉口,板橋區公所,(02)29686911,65000010
347,站前廣場公園,板橋區,文化路與新府路交叉口,板橋區公所,(02)29686911,65000010
348,光環綠地,板橋區,光復國中斜對面,板橋區公所,(02)29686911,65000010
349,仁化綠地,板橋區,文化路2段,板橋區公所,(02)29686911,65000010
350,幸福綠地公園,板橋區,幸福路70巷底,板橋區公所,(02)29686911,65000010
351,江子翠抽水站簡易公園,板橋區,萬安街53巷底,板橋區公所,(02)29686911,65000010
352,府中綠地,板橋區,東門街2巷36號旁,板橋區公所,(02)29686911,65000010
353,海山綠地,板橋區,民享街116巷3號旁,板橋區公所,(02)29686911,65000010
354,湳仔綠地,板橋區,湳子一橋旁,板橋區公所,(02)29686911,65000010
355,溪頭公園,板橋區,溪頭街與華江一路間,板橋區公所,(02)29686911,65000010
356,稚匯公園,板橋區,華江一路與華江五路交叉口,板橋區公所,(02)29686911,65000010
357,時光公園,板橋區,華江橋旁（往板橋方向臨環河西路）,板橋區公所,(02)29686911,65000010
358,華江123木頭園,板橋區,華江一路與華江二路交叉口,板橋區公所,(02)29686911,65000010
359,懷石公園,板橋區,環河西路四段699巷與田單北街交叉口,板橋區公所,(02)29686911,65000010
360,望月公園,板橋區,新海路與溪頭街交叉口,板橋區公所,(02)29686911,65000010
361,藝香公園,板橋區,板城路與藝文二街及香社一路口,板橋區公所,(02)29686911,65000010
362,雙社公園,板橋區,板城路與香社一路及香社二路口,板橋區公所,(02)29686911,65000010
363,文丘公園,板橋區,環河西路與藝文一街口,板橋區公所,(02)29686911,65000010
364,公九公園(浮洲都市計畫區),板橋區,華東路(遠揚加州社區對面),板橋區公所,(02)29686911,65000010
365,馥華公園,板橋區,僑中二街118號前,板橋區公所,(02)29686911,65000010
366,板橋第二運動場區三角公園,板橋區,新北市板橋區民權路117號,板橋區公所,(02)29686911,65000010
367,板橋第二運動場區社後公園,板橋區,新北市板橋區民權路117號,板橋區公所,(02)29686911,65000010
368,板橋第二運動場區板信公園,板橋區,新北市板橋區民權路117號,板橋區公所,(02)29686911,65000010
369,綠二綠地,板橋區,中正路與新海橋交叉口左側26公尺,板橋區公所,(02)29686911,65000010
370,綠三綠地,板橋區,中正路與新海橋入口處左側１８公尺,板橋區公所,(02)29686911,65000010
371,綠四綠地,板橋區,中正路與新月一街交叉口左前方41公尺,板橋區公所,(02)29686911,65000010
372,柏壽公園,板橋區,新北市板橋區西門街69號(接雲寺前),板橋區公所,(02)29686911,65000010
373,埤墘公園,板橋區,板橋區萬板路82巷旁,板橋區公所,(02)29686911,65000010
374,馥華園美捐贈公園,板橋區,大觀路1段38巷口,板橋區公所,(02)29686911,65000010
375,大華街182巷5號對面公園,板橋區,大華街182巷5號對面,板橋區公所,(02)29686911,65000010
376,民族公園,板橋區,板橋區館前東路156巷前,板橋區公所,(02)29686911,65000010
377,中山溫泉公園,金山區,溫泉路2巷10號,金山區公所,(02)24985965,65000270
378,豐漁里公園,金山區,豐漁里民生路172-1號,金山區公所,(02)24985965,65000270
379,飛撲綠地,金山區,中山路與環金路口,金山區公所,(02)24985965,65000270
380,運動休閒廣場,金山區,南勢湖53號,金山區公所,(02)24985965,65000270
381,公館崙公園,金山區,龜子山路,金山區公所,(02)24985965,65000270
382,流蘇公園,金山區,新北市金山區三民街與八德街交叉處,金山區公所,(02)24985965,65000270
383,櫻花公園,金山區,新北市金山區和平里民生路67號後方,金山區公所,(02)24985965,65000270
384,杜鵑公園,金山區,新北市金山區信義路,金山區公所,(02)24985965,65000270
385,"楓樹腳公園 (公兒2)",泰山區,楓江路26巷,泰山區公所,(02)29099551,65000160
386,"同興公園 (公兒4)",泰山區,仁義路、仁愛路口,泰山區公所,(02)29099551,65000160
387,和平公園(公兒6),泰山區,和平街27巷旁,泰山區公所,(02)29099551,65000160
388,"全興公園 (公兒7)",泰山區,全興路7巷對面,泰山區公所,(02)29099551,65000160
389,"福泰公園 (公兒8)",泰山區,全興路25巷口,泰山區公所,(02)29099551,65000160
390,"福興公園 (公兒9)",泰山區,福興三街、泰林路口,泰山區公所,(02)29099551,65000160
391,"仁愛公園 (公兒10)",泰山區,仁德路(加油站斜對面),泰山區公所,(02)29099551,65000160
392,"辭修公園(公 1)",泰山區,辭修路底,泰山區公所,(02)29099551,65000160
393,貴和兒童公園(兒2),泰山區,明志路三段(飛指部對面),泰山區公所,(02)29099551,65000160
394,文史影像公園,泰山區,明志路一段352巷底,泰山區公所,(02)29099551,65000160
395,後山公園,泰山區,明志路一段(公所後方),泰山區公所,(02)29099551,65000160
396,山腳公園,泰山區,忠孝街19巷3弄旁河堤邊,泰山區公所,(02)29099551,65000160
397,貴子兒童公園,泰山區,明志路3段74巷,泰山區公所,(02)29099551,65000160
398,三角公園,泰山區,橫窠雅路大轉彎處,泰山區公所,(02)29099551,65000160
399,崩崁腳公園,泰山區,大科路自強路口,泰山區公所,(02)29099551,65000160
400,黎明公園,泰山區,泰林路黎明路口,泰山區公所,(02)29099551,65000160
401,義學坑自然公園,泰山區,明志路西側山區,泰山區公所,(02)29099551,65000160
402,楓樹河濱公園,泰山區,和平街底,泰山區公所,(02)29099551,65000160
403,文程廣場,泰山區,明志路2段文程路口,泰山區公所,(02)29099551,65000160
404,黎明步道花園（綠地）,泰山區,泰林路2段542巷進入大窠溪旁,泰山區公所,(02)29099551,65000160
405,公九,泰山區,信華五街旁,泰山區公所,(02)29099551,65000160
406,泰山捷運公園(公3),泰山區,泰林路與文程路路口,泰山區公所,(02)29099551,65000160
407,應化大排生態園區,泰山區,應化街內,泰山區公所,(02)29099551,65000160
408,仁德公園,泰山區,全興路與仁德路交叉口,泰山區公所,(02)29099551,65000160
409,南林生態公園,泰山區,新北市泰山區南林路底,泰山區公所,(02)29099551,65000160
410,貴和廣場,泰山區,新北市泰山區明志路三段523號對面,泰山區公所,(02)29099551,65000160
411,泰山體育園區,泰山區,新北市泰山區公園路36號,新北市政府體育局,(02)29620462,65000160
412,烏來原住民主題公園(公三),烏來區,"新北市烏來區西羅岸段 911地號",烏來區公所,(02)26616441,65000290
413,環保公園,貢寮區,長泰路18-2號(貢寮大橋貢寮社區活動中心)旁,貢寮區公所,(02)24941601,65000260
414,澳底公園,貢寮區,仁愛路43號旁,貢寮區公所,(02)24941601,65000260
415,龍門公園,貢寮區,新北市貢寮區龍門里鄰台2線旁,貢寮區公所,(02)24941601,65000260
416,百齡公園,淡水區,中正東路1段3巷西側,淡水區公所,(02)26221020,65000100
417,衛教公園,淡水區,協元里衛生所旁,淡水區公所,(02)26221020,65000100
418,竹圍公園,淡水區,民生里民生路旁,淡水區公所,(02)26221020,65000100
419,觀潮公園,淡水區,民眾服務站旁〈新生里中正路〉,淡水區公所,(02)26221020,65000100
420,文中四公園,淡水區,沙崙路181巷旁,淡水區公所,(02)26221020,65000100
421,中山北帶狀公園,淡水區,中山北路一段(水碓派出所與新春街口間),淡水區公所,(02)26221020,65000100
422,安伯樂公園,淡水區,中正東路(竿蓁一街與平遠街間),淡水區公所,(02)26221020,65000100
423,和平公園,淡水區,中正路一段〈淡水高爾夫球場前〉,淡水區公所,(02)26221020,65000100
424,文中8公園,淡水區,中山北路一段(新春街口對面),淡水區公所,(02)26221020,65000100
425,油車1公園,淡水區,中正路一段蘇府王爺廟右側,淡水區公所,(02)26221020,65000100
426,油車2公園,淡水區,淡海路25巷旁,淡水區公所,(02)26221020,65000100
427,油車3公園,淡水區,沙崙路、淡海路口至沙崙路216巷,淡水區公所,(02)26221020,65000100
428,油車4公園,淡水區,沙崙路社福大樓左側空地,淡水區公所,(02)26221020,65000100
429,大庄1公園,淡水區,沙崙路與淡海路交接路口（淡水都市計畫(市五用地)）,淡水區公所,(02)26221020,65000100
430,協元1公園,淡水區,新生街30巷64號前、65號後(含建設街一巷一號前),淡水區公所,(02)26221020,65000100
431,協元2公園,淡水區,重建街1巷1弄旁空地,淡水區公所,(02)26221020,65000100
432,中興公園,淡水區,原德路73巷27號旁,淡水區公所,(02)26221020,65000100
433,賢孝公園,淡水區,淡金路5段20號對面,淡水區公所,(02)26221020,65000100
434,藝術穿堂,淡水區,中正路274號旁,淡水區公所,(02)26221020,65000100
435,淡水新市鎮兒童公園,淡水區,中山北路2段189巷內,淡水區公所,(02)26221020,65000100
436,公8公園,淡水區,中山北路二段381巷內,淡水區公所,(02)26221020,65000100
437,木下淨涯週邊開放空間,淡水區,中正路260號旁,淡水區公所,(02)26221020,65000100
438,馬偕三角銅像公園,淡水區,中正路與建設街交接路口,淡水區公所,(02)26221020,65000100
439,運動公園,淡水區,中正東路東側,淡水區公所,(02)26221020,65000100
440,滬尾砲臺公園,淡水區,中正路1段22巷內。,淡水區公所,(02)26221020,65000100
441,公22公園,淡水區,新市五路2段。(鄰旁太子廟與崁頂社區),淡水區公所,(02)26221020,65000100
442,公23公園,淡水區,新市五路2段和後州路一段和新市3路。,淡水區公所,(02)26221020,65000100
443,福德公園,淡水區,自強路18巷底。,淡水區公所,(02)26221020,65000100
444,淡水老街廣場,淡水區,淡水區中正路路口(捷運站往中正路方向),淡水區公所,(02)26221020,65000100
445,新民公園,淡水區,淡水區新興國小斜對面,淡水區公所,(02)26221020,65000100
446,公7公園,淡水區,沙崙路和濱海路2段交叉口。,淡水區公所,(02)26221020,65000100
447,竹圍民權公園(竹圍公兒十),淡水區,民族路與民族路112巷路口,淡水區公所,(02)26221020,65000100
448,新北市忠烈祠(非公園，公1),淡水區,新北市淡水區中正路1段6巷31號,淡水區公所,(02)26221020,65000100
449,新濱公園(公21),淡水區,淡水區新市二路及濱海路交叉口,淡水區公所,(02)26221020,65000100
450,公七公園(公七),淡水區,淡水區沙崙路一段與濱海路二段路口,淡水區公所,(02)26221020,65000100
451,深坑兒童遊戲場(兒一),深坑區,平埔街14號前15公尺,深坑區公所,(02)26623116,65000180
452,萬福公園,深坑區,北深路3段158巷內,深坑區公所,(02)26623116,65000180
453,帝品苑旁兒童遊戲場(兒二),深坑區,北深路三段155巷內,深坑區公所,(02)26623116,65000180
454,中央八街底公園,新店區,中央八街底,新店區公所,(02)29112281,65000060
455,中興公園(公一),新店區,中興路3段126號巷內,新店區公所,(02)29112281,65000060
456,"福民公園 (公六1一)",新店區,褔園街8-6號旁,新店區公所,(02)29112281,65000060
457,五峰公園,新店區,中正路惠國市場對面,新店區公所,(02)29112281,65000060
458,安康森林公園(公十一),新店區,安康路2段169號對面,新店區公所,(02)29112281,65000060
459,交通公園(公三),新店區,民族路105號大豐國小對面,新店區公所,(02)29112281,65000060
460,安華公園(公五),新店區,中正路307巷內,新店區公所,(02)29112281,65000060
461,馬公公園(公十),新店區,北新路一段92號,新店區公所,(02)29112281,65000060
462,原野公園(公八),新店區,德正街19巷內,新店區公所,(02)29112281,65000060
463,安和景觀公園,新店區,安和路2段163號旁,新店區公所,(02)29112281,65000060
464,大豐公園(公二),新店區,民族路105號大豐國小旁,新店區公所,(02)29112281,65000060
465,瑠公公園,新店區,中華路54巷與60巷間,新店區公所,(02)29112281,65000060
466,小金門公園,新店區,民族路105號大豐國小對面,新店區公所,(02)29112281,65000060
467,天山公園,新店區,永安街34號旁,新店區公所,(02)29112281,65000060
468,三民公園(公七),新店區,三民咯中正國小旁,新店區公所,(02)29112281,65000060
469,原民局公園,新店區,安忠路57巷旁,新店區公所,(02)29112281,65000060
470,太平運動公園,新店區,精忠路10-1號邊,新店區公所,(02)29112281,65000060
471,北新藝術廣場,新店區,北新路一段351號旁,新店區公所,(02)29112281,65000060
472,青潭河濱公園,新店區,北宜路2段64號邊,新店區公所,(02)29112281,65000060
473,廣興河濱公園,新店區,廣興路100號旁,新店區公所,(02)29112281,65000060
474,市民農園公園,新店區,廣興路100號旁,新店區公所,(02)29112281,65000060
475,仁愛亭公園(櫻花公園),新店區,櫻花街和自強路交叉路口,新店區公所,(02)29112281,65000060
476,屈尺景觀公園,新店區,自強路166號前,新店區公所,(02)29112281,65000060
477,安坑國小前公園,新店區,安忠路(安坑國小前),新店區公所,(02)29112281,65000060
478,安民街26號兩側綠地,新店區,安民街26號,新店區公所,(02)29112281,65000060
479,安成公園,新店區,安成街5號旁,新店區公所,(02)29112281,65000060
480,龍園公園,新店區,安德街71號旁,新店區公所,(02)29112281,65000060
481,安德街60巷綠地,新店區,安德街60巷,新店區公所,(02)29112281,65000060
482,安民街179號旁公園,新店區,安民街179號旁,新店區公所,(02)29112281,65000060
483,碧安公園,新店區,安民街80號(永豐圳兩側),新店區公所,(02)29112281,65000060
484,碧安2號公園,新店區,安民街78巷底,新店區公所,(02)29112281,65000060
485,安和路1段55號旁公園,新店區,安和路1段53號旁,新店區公所,(02)29112281,65000060
486,吉安公園,新店區,吉安街和安民街交叉路口,新店區公所,(02)29112281,65000060
487,新和活動中心兩側公園,新店區,新和活動中心兩側,新店區公所,(02)29112281,65000060
488,中央公園,新店區,富貴街9巷29號,新店區公所,(02)29112281,65000060
489,湯泉公園,新店區,中央八街底溪園路旁,新店區公所,(02)29112281,65000060
490,寶徠公園,新店區,寶橋路85巷55號對面,新店區公所,(02)29112281,65000060
491,龜山河濱公園,新店區,新烏路3段(南崁溪旁),新店區公所,(02)29112281,65000060
492,龜山活動中心旁公園,新店區,新烏路3段134號(龜山圖書館),新店區公所,(02)29112281,65000060
493,上龜山橋旁綠地,新店區,新烏路三段268巷(上龜山橋旁),新店區公所,(02)29112281,65000060
494,十四張歷史公園,新店區,新店區斯馨二路與央北二路交叉口,新店區公所,(02)29112281,65000060
495,中央鄰里公園(鄰公兒),新店區,新店區央北一路南側綠帶,新店區公所,(02)29112281,65000060
496,安光公園(公兒一、公兒二),新店區,新北市新店區安光路75號,新店區公所,(02)29112281,65000060
497,裕隆公園(綠湖公園，公(兒)一、公(兒)二),新店區,品牌路旁,裕隆公司,(02)2911-1950,65000060
498,西盛公園(公4),新莊區,龍安路與西盛街口,新莊區公所,(02)29929891,65000050
499,四維公園(公3),新莊區,四維路186巷旁,新莊區公所,(02)29929891,65000050
500,龍鳳公園(公2(西)、公17(東)),新莊區,龍安路丹鳳國中對面,新莊區公所,(02)29929891,65000050
501,萬安公園(公21),新莊區,龍安路龍安橋頭,新莊區公所,(02)29929891,65000050
502,後港公園(公3-1),新莊區,建安街26巷4號旁,新莊區公所,(02)29929891,65000050
503,新泰公園(公6),新莊區,公園一路112號旁,新莊區公所,(02)29929891,65000050
504,富國公園,新莊區,富國路與福營路口,新莊區公所,(02)29929891,65000050
505,龍福公園(公兒一(龍壽迴龍都市計畫)),新莊區,中正路929巷23號對面,新莊區公所,(02)29929891,65000050
506,福營公園,新莊區,福營路29號旁,新莊區公所,(02)29929891,65000050
507,"雙福公園(公23 / 兒1)",新莊區,後港一路(後港抽水站旁),新莊區公所,(02)29929891,65000050
508,瓊泰公園(公16),新莊區,瓊泰路瓊泰橋旁,新莊區公所,(02)29929891,65000050
509,後港新公園(公14),新莊區,後港一路與民安路口,新莊區公所,(02)29929891,65000050
510,福營休閒廣場,新莊區,四維路福營行政中心旁,新莊區公所,(02)29929891,65000050
511,新樹公園(公兒五(樹林(三多里地區)都市計畫)),新莊區,新樹路647號對面,新莊區公所,(02)29929891,65000050
512,福營綠廊,新莊區,中正路輔仁大學對面,新莊區公所,(02)29929891,65000050
513,水源地,新莊區,壽山路115號斜對面,新莊區公所,(02)29929891,65000050
514,青年公園(公20、公14(林口特定區計畫)),新莊區,壽山路61號對面,新莊區公所,(02)29929891,65000050
515,長青公園,新莊區,博愛路與長青街口,新莊區公所,(02)29929891,65000050
516,中港三角公園,新莊區,中華路與復興路口,新莊區公所,(02)29929891,65000050
517,新泰三角公園,新莊區,新泰路與中平路口,新莊區公所,(02)29929891,65000050
518,黃城公園(公10),新莊區,中榮街與中信街口,新莊區公所,(02)29929891,65000050
519,興化公園,新莊區,五工二路底,新莊區公所,(02)29929891,65000050
520,福壽公園(公11),新莊區,福壽街昌明街路口,新莊區公所,(02)29929891,65000050
521,思賢公園(公9),新莊區,自由街自信街路口,新莊區公所,(02)29929891,65000050
522,中平公園(公8),新莊區,中平路文藝中心後方及新泰游泳池側邊,新莊區公所,(02)29929891,65000050
523,新莊公園(公7),新莊區,中正路84號對面,新莊區公所,(02)29929891,65000050
524,文德社區公園,新莊區,思明街環河路口,新莊區公所,(02)29929891,65000050
525,榮和公園,新莊區,環河路新海橋下,新莊區公所,(02)29929891,65000050
526,碧江公園,新莊區,新泰路瓊林路口,新莊區公所,(02)29929891,65000050
527,興漢公園,新莊區,碧江街76號前,新莊區公所,(02)29929891,65000050
528,建安公園(公15),新莊區,後港一路130巷底,新莊區公所,(02)29929891,65000050
529,後德公園,新莊區,後港一路49巷底,新莊區公所,(02)29929891,65000050
530,萬善公園,新莊區,瓊林南路301巷內,新莊區公所,(02)29929891,65000050
531,昌平公園(公兒一(副都心中心地區)),新莊區,富貴路、福壽街口,新莊區公所,(02)29929891,65000050
532,建福公園(兒2),新莊區,建福路49巷底,新莊區公所,(02)29929891,65000050
533,生命紀念公園,新莊區,壽山路162之1號,新莊區公所,(02)29929891,65000050
534,瓊泰河濱公園,新莊區,瓊泰路94巷17號旁,新莊區公所,(02)29929891,65000050
535,中港厝休閒廣場,新莊區,中港路352號旁,新莊區公所,(02)29929891,65000050
536,"頭前運動公園(公18 &國中7 /公二&文中(頭前重劃區))",新莊區,頭前路、頭成街口,新莊區公所,(02)29929891,65000050
537,新泰籃球場,新莊區,中環路(特二號高架橋下),新莊區公所,(02)29929891,65000050
538,福基公園(公一(頭前重劃區)),新莊區,福美街、福德三街口,新莊區公所,(02)29929891,65000050
539,福美公園,新莊區,福美街、福德一街口,新莊區公所,(02)29929891,65000050
540,新泰綠地,新莊區,中環路與新泰路口,新莊區公所,(02)29929891,65000050
541,化成公園(兒二(頭前重劃區)),新莊區,頭成街/思源路128巷,新莊區公所,(02)29929891,65000050
542,西盛廣場,新莊區,樹新路277巷中華郵政對面,新莊區公所,(02)29929891,65000050
543,瓊林公園,新莊區,台65橋下,新莊區公所,(02)29929891,65000050
544,快樂公園,新莊區,瓊泰路103號對面,新莊區公所,(02)29929891,65000050
545,中港公園,新莊區,中平路82巷22號對面,新莊區公所,(02)29929891,65000050
546,雙鳳公園(公兒五),新莊區,雙鳳街56號旁,新莊區公所,(02)29929891,65000050
547,愛鳥公園(公22(產業專用區及其周邊地區)),新莊區,新莊區新北大道五工六路口,新莊區公所,(02)29929891,65000050
548,福智1號廣場(公23(產業專用區及其周邊地區)),新莊區,五工六路、福慧路口東北,新莊區公所,(02)29929891,65000050
549,福智公園(公24(產業專用區及其周邊地區)),新莊區,新北大道三段、五工六路口東北,新莊區公所,(02)29929891,65000050
550,福慧都會公園(公25(產業專用區及其周邊地區)),新莊區,新知三路、新知六路、新知八路、福慧路間,新莊區公所,(02)29929891,65000050
551,福聚公園(公26(產業專用區及其周邊地區)),新莊區,新知一路、新知二路口東北,新莊區公所,(02)29929891,65000050
552,福祿1號公園(公27),新莊區,新知一路、福慧路口東南,新莊區公所,(02)29929891,65000050
553,福祿2號公園(公28(產業專用區及其周邊地區)),新莊區,新知一路、福慧路口西北,新莊區公所,(02)29929891,65000050
554,福祿3號公園(公29(產業專用區及其周邊地區)),新莊區,化成路、福慧路口西北,新莊區公所,(02)29929891,65000050
555,福祿4號公園(公30(產業專用區及其周邊地區)),新莊區,化成路、福慧路口東北,新莊區公所,(02)29929891,65000050
556,福祿5號公園(公31(產業專用區及其周邊地區)),新莊區,化成路、福慧路口東南,新莊區公所,(02)29929891,65000050
557,忠孝公園,新莊區,公園,新莊區公所,(02)29929891,65000050
558,塭仔底濕地公園,新莊區,新莊區中華路二段與富貴路交叉口,新北市政府水利局,(02)29603456,65000050
559,新莊體育園區,新莊區,新北市新莊區和興街66號,新北市政府體育局,(02)29981382,65000050
560,瑞芳公園,瑞芳區,明燈路1段175號對面,瑞芳區公所,(02)24972250,65000120
561,四腳亭公園,瑞芳區,瑞竹路91號旁,瑞芳區公所,(02)24972250,65000120
562,吉慶公園,瑞芳區,中央路49巷,瑞芳區公所,(02)24972250,65000120
563,蝙蝠洞公園,瑞芳區,台2線75k旁,瑞芳區公所,(02)24972250,65000120
564,區民廣場,瑞芳區,明燈路三段25號旁,瑞芳區公所,(02)24972250,65000120
565,榮興公園,瑞芳區,台2線71.5k,瑞芳區公所,(02)24972250,65000120
566,濱二路公園,瑞芳區,濱二路71-1號旁,瑞芳區公所,(02)24972250,65000120
567,安德公園,瑞芳區,中山路266號旁,瑞芳區公所,(02)24972250,65000120
568,吉安兒童公園,瑞芳區,大埔路108-6號對面,瑞芳區公所,(02)24972250,65000120
569,龍山里休閒廣場(瑞芳都市計畫),瑞芳區,逢甲路225號斜對面,瑞芳區公所,(02)24972250,65000120
570,瑞芳區立棒球場,瑞芳區,新柑橋右側橋台附近,瑞芳區公所,(02)24972250,65000120
571,瑞芳運動公園,瑞芳區,瑞芳區員山子路、蛇子形路、明燈路一段45巷路口,瑞芳區公所,(02)24972250,65000120
572,建成公園,瑞芳區,瑞芳區中正路,瑞芳區公所,(02)24972250,65000120
573,獅子公園,萬里區,西濱公路台二線52K處,萬里區公所,(02)24922064,65000280
574,中福觀光公園,萬里區,北28線1km旁,萬里區公所,(02)24922064,65000280
575,野柳休閒公園(公3),萬里區,新北市萬里區野柳里港東路,萬里區公所,(02)24922064,65000280
576,瑪鋉公園(公兒一),萬里區,瑪鍊路60-1號對面,萬里區公所,(02)24922064,65000280
577,萬里觀光公園(公一),萬里區,中萬里加投段中幅子小段,萬里區公所,(02)24922064,65000280
578,螃蟹主題公園,萬里區,新北市萬里區龜吼里,萬里區公所,(02)24922064,65000280
579,瑪鋉運動公園,萬里區,新北市萬里區獅頭路,萬里區公所,(02)24922064,65000280
580,萬里幸福廣場,萬里區,新北市萬里區獅頭路15-8號(周邊),萬里區公所,(02)24922064,65000280
581,野柳兒童遊戲場,萬里區,新北市萬里區港東路1-5號旁,萬里區公所,(02)24922064,65000280
582,中山公園,樹林區,龍興街59巷11號前,樹林區公所,(02)26812106,65000070
583,三龍公園,樹林區,三龍街14巷20號旁,樹林區公所,(02)26812106,65000070
584,潭底公園,樹林區,保安街一段285號（樹林戶政事務所旁）,樹林區公所,(02)26812106,65000070
585,大同公園(公14),樹林區,太平路33巷8號(太平路33巷10號旁),樹林區公所,(02)26812106,65000070
586,長壽親子公園,樹林區,樹德街、復興路口,樹林區公所,(02)26812106,65000070
587,鎮前親子公園,樹林區,鎮前街東陽街口(東陽街1號旁),樹林區公所,(02)26812106,65000070
588,民生公園,樹林區,保安市場旁(保安街一段),樹林區公所,(02)26812106,65000070
589,和平親子公園,樹林區,新北市樹林區樹中街63號,樹林區公所,(02)26812106,65000070
590,山仔腳公園,樹林區,樹林地政事務所旁(地政街8巷10弄2號前),樹林區公所,(02)26812106,65000070
591,民權公園,樹林區,民權街68號旁,樹林區公所,(02)26812106,65000070
592,光華公園(公六),樹林區,保安街二段三多國中旁,樹林區公所,(02)26812106,65000070
593,兒三公園(兒二),樹林區,大成路、學成路口,樹林區公所,(02)26812106,65000070
594,萬坪公園（景觀休憩公園）,樹林區,佳園路三段、學府路口,樹林區公所,(02)26812106,65000070
595,獇寮公園,樹林區,保安街二段三多國中旁,樹林區公所,(02)26812106,65000070
596,森林公園(兒二),樹林區,大雅路學勤路口,樹林區公所,(02)26812106,65000070
597,鹿角溪公園(山佳公二),樹林區,中山路三段129-6號右側,樹林區公所,(02)26812106,65000070
598,樹林後站廣場,樹林區,後站街,樹林區公所,(02)26812106,65000070
599,山佳車站廣場,樹林區,中山路三段、佳園路一段口,樹林區公所,(02)26812106,65000070
600,中正陸橋下廣場,樹林區,千歲街中正陸橋下（中正路21-1號對面）,樹林區公所,(02)26812106,65000070
601,太元公園(廣兼停),樹林區,新北市樹林區太元街2巷,樹林區公所,(02)26812106,65000070
602,東昇公園(公兒三),樹林區,新北市樹林區育林國小旁,樹林區公所,(02)26812106,65000070
603,樹林體育園區(公21),樹林區,新北市樹林區水源街81號,樹林區公所,(02)26812106,65000070
604,山佳公兒5,樹林區,樹林區佳園路一段72巷及育德街口,樹林區公所,(02)26812106,65000070
605,公15,樹林區,樹林區四維路與國凱街交叉口,樹林區公所,(02)26812106,65000070
606,彭福公園,樹林區,新北市樹林區國凱街65號旁,樹林區公所,(02)26812106,65000070
607,育德公園,樹林區,育德街與佳園路一段72巷交叉口,樹林區公所,(02)26812106,65000070
608,彭興親子公園,樹林區,環漢路5段與東豐街口,樹林區公所,(02)26812106,65000070
609,新北市武器公園,樹林區,樹林區忠義街25號,新北市政府民政局,(02)26894924,65000070
610,雙溪公園,雙溪區,泰昌街13號,雙溪區公所,(02)24931111,65000250
611,雙溪兒童公園,雙溪區,東榮街54號(雙溪國小對面),雙溪區公所,(02)24931111,65000250
612,三貂運動公園,雙溪區,三貂里牡丹派出所旁，尪子崙坑路,雙溪區公所,(02)24931111,65000250
613,長安公園(公八),蘆洲區,長安街102號,蘆洲區公所,(02)22811484,65000140
614,永康公園(公七),蘆洲區,長安街204號,蘆洲區公所,(02)22811484,65000140
615,永平公園(公五),蘆洲區,永平街1號旁,蘆洲區公所,(02)22811484,65000140
616,九芎公園(公九),蘆洲區,九芎街與和平路121巷交叉口,蘆洲區公所,(02)22811484,65000140
617,三民公園(公四),蘆洲區,三民路611號,蘆洲區公所,(02)22811484,65000140
618,尼加拉瓜公園(公兒三),蘆洲區,集賢路269巷旁,蘆洲區公所,(02)22811484,65000140
619,三蘆公園(公兒二),蘆洲區,永安北路二段76巷底,蘆洲區公所,(02)22811484,65000140
620,永安兒童公園(公兒四),蘆洲區,永安北路2段與重陽1街交叉口,蘆洲區公所,(02)22811484,65000140
621,重陽公園(公兒一),蘆洲區,重陽街與集賢路221巷,蘆洲區公所,(02)22811484,65000140
622,柳堤公園(公十二),蘆洲區,光榮路及長榮路交叉路口,蘆洲區公所,(02)22811484,65000140
623,中原公園(公十三),蘆洲區,長興路50巷與長樂路交叉口,蘆洲區公所,(02)22811484,65000140
624,正義公園(公十四),蘆洲區,中原路13巷及20巷間,蘆洲區公所,(02)22811484,65000140
625,彩虹兒童公園(兒十),蘆洲區,光榮路120巷及光明路交叉口,蘆洲區公所,(02)22811484,65000140
626,大地兒童公園(兒十一),蘆洲區,永樂街27巷與31巷間,蘆洲區公所,(02)22811484,65000140
627,溪墘公園(公三),蘆洲區,信義路61號,蘆洲區公所,(02)22811484,65000140
628,仁愛公園(公十五),蘆洲區,水湳街76號旁,蘆洲區公所,(02)22811484,65000140
629,中路兒童公園(兒八),蘆洲區,光華路73巷26號,蘆洲區公所,(02)22811484,65000140
630,捷運公園,蘆洲區,長榮路口以南至捷運蘆洲站,蘆洲區公所,(02)22811484,65000140
631,環河公園,蘆洲區,長榮路口以北至環堤大道,蘆洲區公所,(02)22811484,65000140
632,成功廣場(廣三),蘆洲區,長安街222號,蘆洲區公所,(02)22811484,65000140
633,永平廣場(廣一),蘆洲區,永平街1號,蘆洲區公所,(02)22811484,65000140
634,仁愛廣場(人廣一),蘆洲區,水湳街76號,蘆洲區公所,(02)22811484,65000140
635,鷺江廣場(人廣二),蘆洲區,民族路33巷,蘆洲區公所,(02)22811484,65000140
636,中山廣場(人廣三),蘆洲區,中央路與中央路9巷、37巷、74巷交叉口,蘆洲區公所,(02)22811484,65000140
637,三角綠地,蘆洲區,中山一、二路交叉路口,蘆洲區公所,(02)22811484,65000140
638,蘆洲公園(公一),蘆洲區,蘆洲區三民路95號對面(蘆洲區公所對面),蘆洲區公所,(02)22811484,65000140
639,大地兒童公園(兒十一),蘆洲區,蘆洲區永樂街27巷與永樂街交叉口,蘆洲區公所,(02)22811484,65000140
640,中路公園擴建(兒八),蘆洲區,蘆洲區光華路87巷底,蘆洲區公所,(02)22811484,65000140
641,兒五樓厝公園(兒五),蘆洲區,蘆洲區民族路236巷34弄,蘆洲區公所,(02)22811484,65000140
642,九三親子公園(公十),蘆洲區,蘆洲區三民路26巷40號旁,蘆洲區公所,(02)22811484,65000140
643,兒四公園(兒四),蘆洲區,蘆洲區民族路327巷及民族路255巷交叉口,蘆洲區公所,(02)22811484,65000140
644,兒九公園(兒九),蘆洲區,蘆洲區信義路與民生街交叉口,蘆洲區公所,(02)22811484,65000140
645,兒一環保公園(兒一),蘆洲區,蘆洲區仁愛街77巷底,蘆洲區公所,(02)22811484,65000140
646,公五公園(公兒五),蘆洲區,蘆洲區復興路258巷及民族路236巷交界處,蘆洲區公所,(02)22811484,65000140
647,三號公園(公三),鶯歌區,建國路與育英街口,鶯歌區公所,(02)26780202,65000080
648,北鶯公園,鶯歌區,成功街20巷內,鶯歌區公所,(02)26780202,65000080
649,鳳鳴公園,鶯歌區,鳳鳴街(鳳鳴國小旁),鶯歌區公所,(02)26780202,65000080
650,地標公園(公七),鶯歌區,永明街與國華路口,鶯歌區公所,(02)26780202,65000080
651,尖山公園,鶯歌區,尖山路137巷內,鶯歌區公所,(02)26780202,65000080
652,西鶯公園,鶯歌區,中山路198號加油站後方,鶯歌區公所,(02)26780202,65000080
653,尖二公園(公兒二),鶯歌區,尖山路166巷旁,鶯歌區公所,(02)26780202,65000080
654,永吉公園(鳳鳴公二),鶯歌區,新北市鶯歌區鶯桃路296巷,鶯歌區公所,(02)26780202,65000080
655,昌福公園(公兒一),鶯歌區,新北市鶯歌區鶯桃路182巷96弄,鶯歌區公所,(02)26780202,65000080
656,公兒五公園(公兒五),鶯歌區,新北市鶯歌區公園街11號,鶯歌區公所,(02)26780202,65000080
657,鳳祥公園(鳳鳴公兒三),鶯歌區,新北市鶯歌區鶯桃路413巷,鶯歌區公所,(02)26780202,65000080
658,鳳福公園(鳳鳴細兒一),鶯歌區,新北市鶯歌區鳳福路及鳳鳴路交叉口（鳳福市民活動中心旁）,鶯歌區公所,(02)26780202,65000080
659,尖福公園(公兒四),鶯歌區,新北市鶯歌區高職東街19巷,鶯歌區公所,(02)26780202,65000080
660,鶯歌國民運動中心,鶯歌區,鶯歌區館前路250號,新北市政府體育局,(02)26780202,65000080
661,十分瀑布公園,平溪區,新北市平溪區南山里乾坑10號,新北市政府觀光旅遊局,(02)24958409,65000240
662,十分公園,平溪區,新北市平溪區十分街66巷1號,平溪區公所,(02)24951510,65000240
